<?xml version="1.0" encoding="UTF-8" ?>
<!DOCTYPE mapper
  PUBLIC "-//mybatis.org//DTD Mapper 3.0//EN"
  "http://mybatis.org/dtd/mybatis-3-mapper.dtd">
<mapper namespace="com.config.BoardMapper">

	<select id="selectAll" resultType="BoardDTO">
	<![CDATA[
		select 
		   num,
		   author,
		   title,
		   content,
		   to_char(writeday,'YYYY/MM/DD') writeday,
		   readcnt
		from board
		order by num desc
		]]>
	</select>
	
	<insert id="insert" parameterType="BoardDTO">
		insert into board ( num, author, title, content)
		values (board_seq.nextval, #{author}, #{title}, #{content})
	</insert>
	
	<select id="retrieveByNum" parameterType="int" resultType="BoardDTO" >
	select
	num,
	author,
	title,
	content,
	to_char(writeday,'YYYY/MM/DD') writeday,
	readcnt
	from board
	where num = #{num}
	</select>
	
	<update id="readcnt" parameterType="int">
	   update board
	   set readcnt = readcnt + 1
	   where num = #{num}
	</update>
	
	
	<update id="update" parameterType="BoardDTO">
	 update board
	   set title = #{title}, author=#{author}, content=#{content}
	   where num = #{num}
	</update>
	
	
</mapper>





