<?xml version="1.0" encoding="UTF-8"?>
<!DOCTYPE configuration
  PUBLIC "-//mybatis.org//DTD Config 3.0//EN"
  "http://mybatis.org/dtd/mybatis-3-config.dtd">
<configuration>

  <!-- xml 주석 -->	
  <!-- jdbc.properties 등록 -->
  <properties resource="com/config/jdbc.properties"></properties>
  <!-- DTO에 별칭 -->
  <typeAliases>
    <typeAlias type="com.dto.BoardDTO" alias="BoardDTO"/>
  </typeAliases>
  	
  <environments default="development">
    <environment id="development">
      <transactionManager type="JDBC"/>
      <dataSource type="POOLED">
        <property name="driver" value="${jdbc.oracle}"/>
        <property name="url" value="${jdbc.url}"/>
        <property name="username" value="${jdbc.userid}"/>
        <property name="password" value="${jdbc.passwd}"/>
      </dataSource>
    </environment>
  </environments>
  <mappers>
    <mapper resource="com/config/BoardMapper.xml"/>
  </mappers>
</configuration>

