<?xml version="1.0" encoding="UTF-8" ?>
<!DOCTYPE mapper
  PUBLIC "-//mybatis.org//DTD Mapper 3.0//EN"
  "http://mybatis.org/dtd/mybatis-3-mapper.dtd">
<mapper namespace="com.config.CartMapper">

	<insert id="cartAdd" parameterType="CartDTO">
		 insert into cart(num, userid, gCode,gName,gPrice,gSize,gColor,gAmount,gImage)
		 values( cart_seq.nextval,
		         #{userid},
		         #{gCode},
		         #{gName},
		         #{gPrice},
		         #{gSize},
		         #{gColor},
		         #{gAmount},
		         #{gImage}
		         )  
	</insert>
	<select id="cartList" parameterType="string" resultType="CartDTO">
		select num, userid, gCode,gName,gPrice,gSize,gColor,gAmount,gImage
		from cart
		where userid = #{userid} 
	</select>
	
	<delete id="cartDel" parameterType="int">
	   delete from cart
	   where num = #{num}
	</delete>
	
	
	<update id="cartUpdate" parameterType="hashmap">
		update cart 
		set gAmount = #{gAmount}
		where num = #{num}
	</update>
	 <!--  다중 delete -->
	   <!-- 
	        List<String> jobs = Arrays.asList("SALESMAN","CLERK",...);
	        
	         delete from cart
	         where num IN (12,43,77,...);
	    -->
	<delete id="cartDelAll" parameterType="arraylist">
	       delete from cart
	       <where>
	            num IN
	           <foreach item="item" index="index" collection="list" 
	              open="(" separator="," close=")" >
	              #{item}
	          </foreach>
	       </where>
	    </delete>
</mapper>





