<?xml version="1.0" encoding="UTF-8" ?>
<!DOCTYPE mapper
  PUBLIC "-//mybatis.org//DTD Mapper 3.0//EN"
  "http://mybatis.org/dtd/mybatis-3-mapper.dtd">
<mapper namespace="com.config.MemberMapper">

	<select id="idDuplicateCheck" parameterType="string"
		resultType="MemberDTO">
		select userid
		from member
		where userid = #{userid}
	</select>

	<insert id="memberAdd" parameterType="MemberDTO">
		INSERT	INTO member (userid, passwd, username, post, addr1, addr2, phone1, phone2, phone3, email1, email2)
		VALUES (#{userid},#{passwd},#{username},#{post},#{addr1},#{addr2},#{phone1},#{phone2},#{phone3},#{email1},#{email2})
	</insert>
	
	<select id="login" parameterType="hashmap"
	 resultType="MemberDTO">
	     select userid,
	            passwd,
	            username,
	            post,
	            addr1,
	            addr2,
	            phone1,
	            phone2,
	            phone3,
	            email1,
	            email2
	     from member
	     where userid = #{id} and passwd = #{pw}
	 </select>
	 
	 <select id="mypage" parameterType="string"
	 resultType="MemberDTO">
	     select userid,
	            passwd,
	            username,
	            post,
	            addr1,
	            addr2,
	            phone1,
	            phone2,
	            phone3,
	            email1,
	            email2
	     from member
	     where userid = #{id}
	 </select>
	 
	 <update id="memberUpdate" parameterType="MemberDTO">
	 	 update member
	 	 set post = #{post},
	 	 addr1 = #{addr1},
	 	 addr2 = #{addr2},
	 	 phone1 = #{phone1},
	 	 phone2 = #{phone2},
	 	 phone3 = #{phone3},
	 	 email1 = #{email1},
	 	 email2 = #{email2}
	 	where userid = #{userid}
	 </update>
</mapper>





