<?xml version="1.0" encoding="UTF-8" ?>
<!DOCTYPE mapper
PUBLIC "-//mybatis.org//DTD Mapper 3.0//EN"
"http://mybatis.org/dtd/mybatis-3-mapper.dtd">
<mapper namespace="com.dto">

	<select id="selectAll" resultType="EmpDTO">
	select empno,ename,job,mgr, to_char(hiredate,'YYYY-MM-DD')hiredate,sal,comm,deptno 
	from emp 
	order by empno desc
	</select>

    <insert id="insert" parameterType="EmpDTO">
     insert into emp ( empno, ename, job , mgr , hiredate , sal )
     values ( #{empno}, #{ename}, #{job}, #{mgr}, sysdate, #{sal})
    </insert>

   <select id="selectByEmpno" resultType="EmpDTO" parameterType="int">
	select empno,ename,job,mgr, to_char(hiredate,'YYYY-MM-DD')hiredate,sal,comm,deptno 
	from emp 
	where empno = #{empno}
	</select>
	
	<update id="update" parameterType="EmpDTO">
	 update emp
	 set job = #{job} , sal = #{sal}
	 where empno = #{empno}
	</update>
	
	<delete id="delete" parameterType="int">
	 delete from emp
	 where empno = #{empno}
	</delete>
</mapper>