<?xml version="1.0" encoding="UTF-8" ?>
<!DOCTYPE mapper
PUBLIC "-//mybatis.org//DTD Mapper 3.0//EN"
"http://mybatis.org/dtd/mybatis-3-mapper.dtd">
<mapper namespace="com.dto">

    <select id="totalCount" resultType="int" parameterType="hashmap">
      select count(*)
      from emp
       <where>
	  <if test="searchName == 'hiredate'">
	       to_char(hiredate,'YYYY')  like '%'||#{searchValue}||'%' 
	  </if>
	  <if test="searchName == 'ename'">
	      upper(ename) like upper('%'||#{searchValue}||'%') 
	  </if>
     </where>
    </select>

	<select id="selectAll" resultType="EmpDTO" parameterType="hashmap">
	select empno,ename,job,mgr, to_char(hiredate,'YYYY-MM-DD')hiredate,sal,comm,deptno 
	from emp 
	
     <where>
	  <if test="searchName == 'hiredate'">
	       to_char(hiredate,'YYYY')  like '%'||#{searchValue}||'%' 
	  </if>
	  <if test="searchName == 'ename'">
	      upper(ename) like upper('%'||#{searchValue}||'%') 
	  </if>
     </where>
	
	order by empno desc
	</select>

    <insert id="insert" parameterType="EmpDTO">
     insert into emp ( empno, ename, job , mgr , hiredate , sal )
     values ( #{empno}, #{ename}, #{job}, #{mgr}, sysdate, #{sal})
    </insert>

   <select id="selectByEmpno" resultType="EmpDTO" parameterType="int">
	select empno,ename,job,mgr, to_char(hiredate,'YYYY-MM-DD')hiredate,sal,comm,deptno 
	from emp 
	where empno = #{empno}
	</select>
	
	<update id="update" parameterType="EmpDTO">
	 update emp
	 set job = #{job} , sal = #{sal}
	 where empno = #{empno}
	</update>
	
	<delete id="delete" parameterType="int">
	 delete from emp
	 where empno = #{empno}
	</delete>
	
	<select id="order" parameterType="hashmap" resultType="EmpDTO">
	  select empno,ename,job,mgr, to_char(hiredate,'YYYY-MM-DD')hiredate,sal,comm,deptno 
	  from emp 
	  
	  <if test="order =='desc'">
	      order by sal desc
	  </if> 
	  <if test="order =='asc'">
	      order by sal asc
	  </if>
	</select>
</mapper>